{"cameraMode":{"drawMode":0,"name":"Shaded","section":"Shading Mode"},"sceneLighting":false,"audioPlay":false,"sceneViewState":{"showFog":true,"showMaterialUpdate":false,"showSkybox":false,"showFlares":true,"showImageEffects":true,"showParticleSystems":true},"in2DMode":false,"pivot":{"x":-0.22499999403953553,"y":1.7619999647140504,"z":-4.355000019073486},"rotation":{"x":0.07914967834949494,"y":0.04684046283364296,"z":-0.0036433835048228504,"w":0.9958512783050537},"size":1.0018665790557862,"orthographic":false}