{"cameraMode":{"drawMode":0,"name":"Shaded","section":"Shading Mode"},"sceneLighting":false,"audioPlay":false,"sceneViewState":{"showFog":true,"showMaterialUpdate":false,"showSkybox":false,"showFlares":true,"showImageEffects":true,"showParticleSystems":true},"in2DMode":false,"pivot":{"x":-0.21062934398651124,"y":0.6767207384109497,"z":4.886486530303955},"rotation":{"x":-0.007999582216143608,"y":-0.9907434582710266,"z":0.11776485294103623,"w":-0.06737048178911209},"size":1.3389685153961182,"orthographic":false}