{"cameraMode":{"drawMode":0,"name":"Shaded","section":"Shading Mode"},"sceneLighting":true,"audioPlay":false,"sceneViewState":{"showFog":true,"showMaterialUpdate":false,"showSkybox":false,"showFlares":true,"showImageEffects":true,"showParticleSystems":true},"in2DMode":false,"pivot":{"x":598.9385986328125,"y":302.16033935546877,"z":9.179166793823243},"rotation":{"x":-0.03330504521727562,"y":-0.005399681162089109,"z":0.00018147952505387366,"w":-0.9994673728942871},"size":505.1191711425781,"orthographic":false}