{"cameraMode":{"drawMode":0,"name":"Shaded","section":"Shading Mode"},"sceneLighting":true,"audioPlay":false,"sceneViewState":{"showFog":true,"showMaterialUpdate":false,"showSkybox":false,"showFlares":true,"showImageEffects":true,"showParticleSystems":true},"in2DMode":false,"pivot":{"x":0.025924474000930787,"y":1.2258390188217164,"z":-3.302919387817383},"rotation":{"x":0.12053298950195313,"y":0.08972209692001343,"z":-0.0109251094982028,"w":0.9887140989303589},"size":0.8509508967399597,"orthographic":false}