{"cameraMode":{"drawMode":0,"name":"Shaded","section":"Shading Mode"},"sceneLighting":true,"audioPlay":false,"sceneViewState":{"showFog":true,"showMaterialUpdate":false,"showSkybox":false,"showFlares":true,"showImageEffects":true,"showParticleSystems":true},"in2DMode":false,"pivot":{"x":0.7386054992675781,"y":1.7197859287261963,"z":-3.33485746383667},"rotation":{"x":-0.13044148683547975,"y":0.0005930723855271936,"z":-0.00007288097549462691,"w":-0.9914851784706116},"size":1.8766300678253174,"orthographic":false}