{"cameraMode":{"drawMode":0,"name":"Shaded","section":"Shading Mode"},"sceneLighting":true,"audioPlay":false,"sceneViewState":{"showFog":true,"showMaterialUpdate":false,"showSkybox":false,"showFlares":true,"showImageEffects":true,"showParticleSystems":true},"in2DMode":false,"pivot":{"x":-0.2930000126361847,"y":1.496999979019165,"z":-4.873000144958496},"rotation":{"x":-0.030303651466965677,"y":-0.014395766891539097,"z":0.0004412484122440219,"w":-0.9994704723358154},"size":0.27299195528030398,"orthographic":false}