{"cameraMode":{"drawMode":0,"name":"Shaded","section":"Shading Mode"},"sceneLighting":true,"audioPlay":false,"sceneViewState":{"showFog":true,"showMaterialUpdate":false,"showSkybox":false,"showFlares":true,"showImageEffects":true,"showParticleSystems":true},"in2DMode":false,"pivot":{"x":-0.21794924139976502,"y":2.0176002979278566,"z":-3.428945302963257},"rotation":{"x":-0.08708535134792328,"y":-0.01296005118638277,"z":-0.0010775825940072537,"w":0.9962518811225891},"size":0.6549365520477295,"orthographic":false}