{"cameraMode":{"drawMode":0,"name":"Shaded","section":"Shading Mode"},"sceneLighting":true,"audioPlay":false,"sceneViewState":{"showFog":true,"showMaterialUpdate":false,"showSkybox":false,"showFlares":true,"showImageEffects":true,"showParticleSystems":true},"in2DMode":false,"pivot":{"x":266.1000061035156,"y":642.0,"z":0.7432103157043457},"rotation":{"x":0.08636178821325302,"y":0.09004915505647659,"z":-0.00777192460373044,"w":0.9922769069671631},"size":474.3301086425781,"orthographic":false}