{"cameraMode":{"drawMode":0,"name":"Shaded","section":"Shading Mode"},"sceneLighting":false,"audioPlay":false,"sceneViewState":{"showFog":true,"showMaterialUpdate":false,"showSkybox":false,"showFlares":true,"showImageEffects":true,"showParticleSystems":true},"in2DMode":false,"pivot":{"x":-4.320687294006348,"y":-1.839477300643921,"z":6.894582271575928},"rotation":{"x":0.12906837463378907,"y":-0.18723948299884797,"z":0.024851346388459207,"w":0.9735706448554993},"size":6.946582794189453,"orthographic":false}