{"cameraMode":{"drawMode":0,"name":"Shaded","section":"Shading Mode"},"sceneLighting":true,"audioPlay":false,"sceneViewState":{"showFog":true,"showMaterialUpdate":false,"showSkybox":false,"showFlares":true,"showImageEffects":true,"showParticleSystems":true},"in2DMode":false,"pivot":{"x":1095.271240234375,"y":361.09014892578127,"z":-31.254444122314454},"rotation":{"x":0.008810020983219147,"y":0.006497402209788561,"z":-0.000043781838030554354,"w":1.000067114830017},"size":468.59600830078127,"orthographic":false}