{"cameraMode":{"drawMode":0,"name":"Shaded","section":"Shading Mode"},"sceneLighting":false,"audioPlay":false,"sceneViewState":{"showFog":true,"showMaterialUpdate":false,"showSkybox":false,"showFlares":true,"showImageEffects":true,"showParticleSystems":true},"in2DMode":false,"pivot":{"x":-0.2102009803056717,"y":1.998553991317749,"z":-3.467068672180176},"rotation":{"x":0.07923167198896408,"y":-0.002497731940820813,"z":0.00020512846822384745,"w":0.9969276189804077},"size":1.6818993091583253,"orthographic":false}