{"cameraMode":{"drawMode":0,"name":"Shaded","section":"Shading Mode"},"sceneLighting":true,"audioPlay":false,"sceneViewState":{"showFog":true,"showMaterialUpdate":false,"showSkybox":false,"showFlares":true,"showImageEffects":true,"showParticleSystems":true},"in2DMode":false,"pivot":{"x":-1.179987907409668,"y":1.3373686075210572,"z":-3.0941402912139894},"rotation":{"x":-0.09319907426834107,"y":-0.17470300197601319,"z":0.016615860164165498,"w":-0.9800679683685303},"size":1.8612322807312012,"orthographic":false}