{"cameraMode":{"drawMode":0,"name":"Shaded","section":"Shading Mode"},"sceneLighting":true,"audioPlay":false,"sceneViewState":{"showFog":true,"showMaterialUpdate":false,"showSkybox":false,"showFlares":true,"showImageEffects":true,"showParticleSystems":true},"in2DMode":false,"pivot":{"x":1006.1321411132813,"y":722.98779296875,"z":81.55449676513672},"rotation":{"x":0.026640882715582849,"y":0.05904274061322212,"z":0.0015745969722047449,"w":-0.9979192018508911},"size":680.7896728515625,"orthographic":false}